Query,Category
2024 ballot,Ballots
absentee ballot,Ballots
ballots,Ballots
election ballot,Ballots
election ballot 2024,Ballots
issues on my ballot,Ballots
my absentee ballot,Ballots
my ballot,Ballots
my election ballot,Ballots
sample ballot,Ballots
sample ballot 2024,Ballots
sample ballot for my county,Ballots
voting ballot,Ballots
voting ballot 2024,Ballots
what is on the ballot,Ballots
2024 election candidates,Candidates and Issues
abortion ballot initiative,Candidates and Issues
abortion ballot proposals,Candidates and Issues
abortion candidates,Candidates and Issues
abortion election,Candidates and Issues
abortion on the ballot,Candidates and Issues
abortion opinion,Candidates and Issues
abortion vote,Candidates and Issues
anti-abortion candidates,Candidates and Issues
background on candidates 2024 election,Candidates and Issues
best candidates to vote for,Candidates and Issues
candidate backgrounds,Candidates and Issues
candidate debates,Candidates and Issues
candidate endoresements,Candidates and Issues
candidate issues,Candidates and Issues
candidate opinions,Candidates and Issues
candidate platforms,Candidates and Issues
candidate views,Candidates and Issues
candidates for my district,Candidates and Issues
candidates of my state,Candidates and Issues
congressional candidates,Candidates and Issues
democratic candidates,Candidates and Issues
democrats house,Candidates and Issues
democrats senate,Candidates and Issues
fact checks for candidates election 2024,Candidates and Issues
favored candidates near me,Candidates and Issues
independent candidates,Candidates and Issues
names of candidates,Candidates and Issues
pro choice candidates,Candidates and Issues
pro life candidates,Candidates and Issues
republican candidates,Candidates and Issues
republicans house,Candidates and Issues
republicans senate,Candidates and Issues
single issue voters abortion,Candidates and Issues
third party candidates,Candidates and Issues
Top issues for voters 2024,Candidates and Issues
what candidates are running,Candidates and Issues
what does my candidate think about abortion,Candidates and Issues
where do candidates stand on abortion?,Candidates and Issues
who is on the ballot,Candidates and Issues
who is running for election,Candidates and Issues
who should I vote for,Candidates and Issues
who to vote for,Candidates and Issues
2024 election predictions,General Election Topics
blue wave 2024,General Election Topics
election 2024,General Election Topics
election 2024 polls,General Election Topics
election campaign,General Election Topics
election news,General Election Topics
election polls near me,General Election Topics
election races,General Election Topics
election results,General Election Topics
election results 2024,General Election Topics
election results near me,General Election Topics
local elections,General Election Topics
presidential elections,General Election Topics
november 2024 election,General Election Topics
opinions on the election,General Election Topics
primary election,General Election Topics
red wave 2024,General Election Topics
senate race,General Election Topics
should i vote,General Election Topics
us election,General Election Topics
us election 2024,General Election Topics
voters guide,General Election Topics
when are 2024 elections,General Election Topics
when are 2024 elections,General Election Topics
when is presidential election,General Election Topics
when is presidential election 2024,General Election Topics
ballot box,Voting Logistics
ballot drop off,Voting Logistics
ballot drop off near me,Voting Logistics
early voting locations,Voting Logistics
early voting locations near me,Voting Logistics
early voting sites,Voting Logistics
early voting sites near me,Voting Logistics
election close to me,Voting Logistics
election day,Voting Logistics
election day 2024,Voting Logistics
election office near me,Voting Logistics
elections near me,Voting Logistics
how to check if i am registered to vote,Voting Logistics
how to register to vote,Voting Logistics
local polling place,Voting Logistics
mail in ballot,Voting Logistics
mail in ballots,Voting Logistics
my congressional district,Voting Logistics
my local voting station,Voting Logistics
vote near me,Voting Logistics
voting,Voting Logistics
voting box,Voting Logistics
voting box near me,Voting Logistics
voting center,Voting Logistics
voting center near me,Voting Logistics
voting early,Voting Logistics
voting early near me,Voting Logistics
voting hours,Voting Logistics
voting hours near me,Voting Logistics
voting location,Voting Logistics
voting location near me,Voting Logistics
voting locations near me,Voting Logistics
voting near me,Voting Logistics
voting place,Voting Logistics
voting place near me,Voting Logistics
voting places near me,Voting Logistics
voting poll near me,Voting Logistics
voting polls,Voting Logistics
voting polls near me,Voting Logistics
voting sites,Voting Logistics
voting sites near me,Voting Logistics
voting today,Voting Logistics
voting today near me,Voting Logistics
what district am i in,Voting Logistics
when do polls end?,Voting Logistics
where can I vote?,Voting Logistics
where to vote,Voting Logistics
where to vote near me,Voting Logistics